{"1": {"global_step": 535, "best_epoch": 1, "acc": 0.513849675655365, "best_acc": 0.513849675655365, "loss": 0.972679381281416, "epoch_time": 759.3470561504364}, "2": {"global_step": 1070, "best_epoch": 2, "acc": 0.5442836880683899, "best_acc": 0.5442836880683899, "loss": 0.9011504402784544, "epoch_time": 763.0158128738403}, "3": {"global_step": 1605, "best_epoch": 3, "acc": 0.5605151653289795, "best_acc": 0.5605151653289795, "loss": 0.8339476230731263, "epoch_time": 767.9582552909851}, "4": {"global_step": 2140, "best_epoch": 4, "acc": 0.5651905536651611, "best_acc": 0.5651905536651611, "loss": 0.7807346915669531, "epoch_time": 769.739960193634}, "5": {"global_step": 2675, "best_epoch": 5, "acc": 0.5878617167472839, "best_acc": 0.5878617167472839, "loss": 0.7367756434355941, "epoch_time": 770.4184958934784}, "6": {"global_step": 3210, "best_epoch": 6, "acc": 0.6130910515785217, "best_acc": 0.6130910515785217, "loss": 0.6990955352411835, "epoch_time": 765.410712480545}, "7": {"global_step": 3745, "best_epoch": 6, "acc": 0.6044460535049438, "best_acc": 0.6130910515785217, "loss": 0.6662970779734715, "epoch_time": 768.7316191196442}, "8": {"global_step": 4280, "best_epoch": 6, "acc": 0.5947424173355103, "best_acc": 0.6130910515785217, "loss": 0.6374776361701644, "epoch_time": 767.7659883499146}, "9": {"global_step": 4815, "best_epoch": 6, "acc": 0.5841566920280457, "best_acc": 0.6130910515785217, "loss": 0.6118058467765464, "epoch_time": 767.296709060669}, "10": {"global_step": 5350, "best_epoch": 6, "acc": 0.5872442126274109, "best_acc": 0.6130910515785217, "loss": 0.5890169662961336, "epoch_time": 767.6244835853577}, "11": {"global_step": 5885, "best_epoch": 6, "acc": 0.5658962726593018, "best_acc": 0.6130910515785217, "loss": 0.48280632963804443, "epoch_time": 770.3524227142334}, "12": {"global_step": 6420, "best_epoch": 6, "acc": 0.609474241733551, "best_acc": 0.6130910515785217, "loss": 0.4886631568737119, "epoch_time": 765.1342797279358}, "13": {"global_step": 6955, "best_epoch": 6, "acc": 0.596683144569397, "best_acc": 0.6130910515785217, "loss": 0.4763285943466555, "epoch_time": 766.0059456825256}, "14": {"global_step": 7490, "best_epoch": 6, "acc": 0.5829216837882996, "best_acc": 0.6130910515785217, "loss": 0.46095886350235094, "epoch_time": 770.3207447528839}, "15": {"global_step": 8025, "best_epoch": 6, "acc": 0.5905963182449341, "best_acc": 0.6130910515785217, "loss": 0.4472203281382534, "epoch_time": 769.9056062698364}, "16": {"global_step": 8560, "best_epoch": 6, "acc": 0.6025053262710571, "best_acc": 0.6130910515785217, "loss": 0.43389803951495903, "epoch_time": 771.2304885387421}, "17": {"global_step": 9095, "best_epoch": 6, "acc": 0.584509551525116, "best_acc": 0.6130910515785217, "loss": 0.4220559185432974, "epoch_time": 771.5261244773865}, "18": {"global_step": 9630, "best_epoch": 6, "acc": 0.5965949296951294, "best_acc": 0.6130910515785217, "loss": 0.41147937137180957, "epoch_time": 769.7352228164673}, "19": {"global_step": 10165, "best_epoch": 6, "acc": 0.5998588800430298, "best_acc": 0.6130910515785217, "loss": 0.4016404591864391, "epoch_time": 769.3807618618011}, "20": {"global_step": 10700, "best_epoch": 6, "acc": 0.5982710123062134, "best_acc": 0.6130910515785217, "loss": 0.39266032506650855, "epoch_time": 769.6093101501465}, "21": {"global_step": 11235, "best_epoch": 6, "acc": 0.5888320803642273, "best_acc": 0.6130910515785217, "loss": 0.3825161801624217, "epoch_time": 769.4788014888763}, "22": {"global_step": 11770, "best_epoch": 6, "acc": 0.59730064868927, "best_acc": 0.6130910515785217, "loss": 0.3737622829171542, "epoch_time": 770.7114298343658}, "23": {"global_step": 12305, "best_epoch": 6, "acc": 0.5883027911186218, "best_acc": 0.6130910515785217, "loss": 0.36574832428752907, "epoch_time": 771.0267112255096}, "24": {"global_step": 12840, "best_epoch": 6, "acc": 0.6093860268592834, "best_acc": 0.6130910515785217, "loss": 0.3583351912382289, "epoch_time": 767.2763178348541}, "25": {"global_step": 13375, "best_epoch": 6, "acc": 0.6098271012306213, "best_acc": 0.6130910515785217, "loss": 0.3515289032366417, "epoch_time": 770.6524636745453}, "26": {"global_step": 13910, "best_epoch": 6, "acc": 0.6015349626541138, "best_acc": 0.6130910515785217, "loss": 0.3454615818162527, "epoch_time": 770.117324590683}, "27": {"global_step": 14445, "best_epoch": 6, "acc": 0.5987120866775513, "best_acc": 0.6130910515785217, "loss": 0.3399309078257054, "epoch_time": 769.8991780281067}, "28": {"global_step": 14980, "best_epoch": 6, "acc": 0.5962420701980591, "best_acc": 0.6130910515785217, "loss": 0.3350459151086035, "epoch_time": 770.7784624099731}, "29": {"global_step": 15515, "best_epoch": 6, "acc": 0.5709245204925537, "best_acc": 0.6130910515785217, "loss": 0.33456027763733065, "epoch_time": 769.1342639923096}, "30": {"global_step": 16050, "best_epoch": 6, "acc": 0.5853034853935242, "best_acc": 0.6130910515785217, "loss": 0.33429751279058856, "epoch_time": 770.0141146183014}, "31": {"global_step": 16585, "best_epoch": 6, "acc": 0.573835551738739, "best_acc": 0.6130910515785217, "loss": 0.33325228854503214, "epoch_time": 768.4225416183472}, "32": {"global_step": 17120, "best_epoch": 6, "acc": 0.5975652933120728, "best_acc": 0.6130910515785217, "loss": 0.3314119416305648, "epoch_time": 769.9713885784149}, "33": {"global_step": 17655, "best_epoch": 6, "acc": 0.5857445597648621, "best_acc": 0.6130910515785217, "loss": 0.3292665808787437, "epoch_time": 769.8699522018433}, "34": {"global_step": 18190, "best_epoch": 6, "acc": 0.5879499316215515, "best_acc": 0.6130910515785217, "loss": 0.3266235409774513, "epoch_time": 770.9417870044708}, "35": {"global_step": 18725, "best_epoch": 6, "acc": 0.5991531610488892, "best_acc": 0.6130910515785217, "loss": 0.3238343810957169, "epoch_time": 771.1533069610596}, "36": {"global_step": 19260, "best_epoch": 6, "acc": 0.5948306322097778, "best_acc": 0.6130910515785217, "loss": 0.32082075644619257, "epoch_time": 769.9898407459259}, "37": {"global_step": 19795, "best_epoch": 6, "acc": 0.5905963182449341, "best_acc": 0.6130910515785217, "loss": 0.31777417547523706, "epoch_time": 769.5586817264557}, "38": {"global_step": 20330, "best_epoch": 6, "acc": 0.589361310005188, "best_acc": 0.6130910515785217, "loss": 0.3149763951284465, "epoch_time": 769.0862057209015}, "39": {"global_step": 20865, "best_epoch": 6, "acc": 0.5909491777420044, "best_acc": 0.6130910515785217, "loss": 0.3120434703286755, "epoch_time": 771.7590310573578}, "40": {"global_step": 21400, "best_epoch": 6, "acc": 0.5772759318351746, "best_acc": 0.6130910515785217, "loss": 0.30916381914389096, "epoch_time": 769.1809689998627}, "41": {"global_step": 21935, "best_epoch": 6, "acc": 0.5974770784378052, "best_acc": 0.6130910515785217, "loss": 0.3064502355938832, "epoch_time": 769.0625715255737}, "42": {"global_step": 22470, "best_epoch": 6, "acc": 0.5977417230606079, "best_acc": 0.6130910515785217, "loss": 0.30378290197385527, "epoch_time": 769.456485748291}, "43": {"global_step": 23005, "best_epoch": 6, "acc": 0.5836274027824402, "best_acc": 0.6130910515785217, "loss": 0.30110634307294487, "epoch_time": 768.716554403305}, "44": {"global_step": 23540, "best_epoch": 6, "acc": 0.5886556506156921, "best_acc": 0.6130910515785217, "loss": 0.2985622094535546, "epoch_time": 770.1840426921844}, "45": {"global_step": 24075, "best_epoch": 6, "acc": 0.5754234194755554, "best_acc": 0.6130910515785217, "loss": 0.29612855335700017, "epoch_time": 770.7014243602753}, "46": {"global_step": 24610, "best_epoch": 6, "acc": 0.5968595743179321, "best_acc": 0.6130910515785217, "loss": 0.2937193054821911, "epoch_time": 770.7914974689484}, "47": {"global_step": 25145, "best_epoch": 6, "acc": 0.5785991549491882, "best_acc": 0.6130910515785217, "loss": 0.2913989890766704, "epoch_time": 769.852285861969}, "48": {"global_step": 25680, "best_epoch": 6, "acc": 0.5823923945426941, "best_acc": 0.6130910515785217, "loss": 0.28924406257224855, "epoch_time": 769.9225907325745},